/* =====================================================================
   MSD 專案追蹤總表 — 初始資料 (由目前網頁資料轉出)
   執行前請先跑 01_schema_and_objects.sql
   ===================================================================== */
SET NOCOUNT ON;
GO

DELETE FROM dbo.AuditLog; DELETE FROM dbo.ExtraNotes; DELETE FROM dbo.WeeklyLogs;
DELETE FROM dbo.Tasks; DELETE FROM dbo.Projects; DELETE FROM dbo.ScheduleWeeks;
DELETE FROM dbo.ProjectTypes; DELETE FROM dbo.Users;
DBCC CHECKIDENT('dbo.Projects', RESEED, 0); DBCC CHECKIDENT('dbo.Tasks', RESEED, 0);
DBCC CHECKIDENT('dbo.Users', RESEED, 0);
GO

/* --- Users --- */
SET IDENTITY_INSERT dbo.Users ON;
INSERT dbo.Users(UserId,UserName,Role,SortOrder) VALUES(1,N'裕隆','member',1);
INSERT dbo.Users(UserId,UserName,Role,SortOrder) VALUES(2,N'玉婷','member',2);
INSERT dbo.Users(UserId,UserName,Role,SortOrder) VALUES(3,N'詠裕','member',3);
INSERT dbo.Users(UserId,UserName,Role,SortOrder) VALUES(4,N'宸詳','member',4);
INSERT dbo.Users(UserId,UserName,Role,SortOrder) VALUES(5,N'政翰','member',5);
INSERT dbo.Users(UserId,UserName,Role,SortOrder) VALUES(6,N'冠芝','member',6);
INSERT dbo.Users(UserId,UserName,Role,SortOrder) VALUES(99,N'管理部主管','manager',99);
SET IDENTITY_INSERT dbo.Users OFF;
GO

/* --- ProjectTypes --- */
INSERT dbo.ProjectTypes(TypeCode,Label,SortOrder) VALUES('a',N'一級專案/KPI',1);
INSERT dbo.ProjectTypes(TypeCode,Label,SortOrder) VALUES('b',N'重大貢獻及亮點',2);
INSERT dbo.ProjectTypes(TypeCode,Label,SortOrder) VALUES('c',N'日常管理',3);
INSERT dbo.ProjectTypes(TypeCode,Label,SortOrder) VALUES('d',N'其他加分項',4);
GO

/* --- ScheduleWeeks (2026, W1..W52) --- */
INSERT dbo.ScheduleWeeks(ScheduleYear,WeekNo,MonthName,MonthLabel) VALUES(2026,1,'202601',N'2026/01');
INSERT dbo.ScheduleWeeks(ScheduleYear,WeekNo,MonthName,MonthLabel) VALUES(2026,2,'202601',N'2026/01');
INSERT dbo.ScheduleWeeks(ScheduleYear,WeekNo,MonthName,MonthLabel) VALUES(2026,3,'202601',N'2026/01');
INSERT dbo.ScheduleWeeks(ScheduleYear,WeekNo,MonthName,MonthLabel) VALUES(2026,4,'202601',N'2026/01');
INSERT dbo.ScheduleWeeks(ScheduleYear,WeekNo,MonthName,MonthLabel) VALUES(2026,5,'202601',N'2026/01');
INSERT dbo.ScheduleWeeks(ScheduleYear,WeekNo,MonthName,MonthLabel) VALUES(2026,6,'202602',N'2026/02');
INSERT dbo.ScheduleWeeks(ScheduleYear,WeekNo,MonthName,MonthLabel) VALUES(2026,7,'202602',N'2026/02');
INSERT dbo.ScheduleWeeks(ScheduleYear,WeekNo,MonthName,MonthLabel) VALUES(2026,8,'202602',N'2026/02');
INSERT dbo.ScheduleWeeks(ScheduleYear,WeekNo,MonthName,MonthLabel) VALUES(2026,9,'202602',N'2026/02');
INSERT dbo.ScheduleWeeks(ScheduleYear,WeekNo,MonthName,MonthLabel) VALUES(2026,10,'202603',N'2026/03');
INSERT dbo.ScheduleWeeks(ScheduleYear,WeekNo,MonthName,MonthLabel) VALUES(2026,11,'202603',N'2026/03');
INSERT dbo.ScheduleWeeks(ScheduleYear,WeekNo,MonthName,MonthLabel) VALUES(2026,12,'202603',N'2026/03');
INSERT dbo.ScheduleWeeks(ScheduleYear,WeekNo,MonthName,MonthLabel) VALUES(2026,13,'202603',N'2026/03');
INSERT dbo.ScheduleWeeks(ScheduleYear,WeekNo,MonthName,MonthLabel) VALUES(2026,14,'202604',N'2026/04');
INSERT dbo.ScheduleWeeks(ScheduleYear,WeekNo,MonthName,MonthLabel) VALUES(2026,15,'202604',N'2026/04');
INSERT dbo.ScheduleWeeks(ScheduleYear,WeekNo,MonthName,MonthLabel) VALUES(2026,16,'202604',N'2026/04');
INSERT dbo.ScheduleWeeks(ScheduleYear,WeekNo,MonthName,MonthLabel) VALUES(2026,17,'202604',N'2026/04');
INSERT dbo.ScheduleWeeks(ScheduleYear,WeekNo,MonthName,MonthLabel) VALUES(2026,18,'202605',N'2026/05');
INSERT dbo.ScheduleWeeks(ScheduleYear,WeekNo,MonthName,MonthLabel) VALUES(2026,19,'202605',N'2026/05');
INSERT dbo.ScheduleWeeks(ScheduleYear,WeekNo,MonthName,MonthLabel) VALUES(2026,20,'202605',N'2026/05');
INSERT dbo.ScheduleWeeks(ScheduleYear,WeekNo,MonthName,MonthLabel) VALUES(2026,21,'202605',N'2026/05');
INSERT dbo.ScheduleWeeks(ScheduleYear,WeekNo,MonthName,MonthLabel) VALUES(2026,22,'202605',N'2026/05');
INSERT dbo.ScheduleWeeks(ScheduleYear,WeekNo,MonthName,MonthLabel) VALUES(2026,23,'202606',N'2026/06');
INSERT dbo.ScheduleWeeks(ScheduleYear,WeekNo,MonthName,MonthLabel) VALUES(2026,24,'202606',N'2026/06');
INSERT dbo.ScheduleWeeks(ScheduleYear,WeekNo,MonthName,MonthLabel) VALUES(2026,25,'202606',N'2026/06');
INSERT dbo.ScheduleWeeks(ScheduleYear,WeekNo,MonthName,MonthLabel) VALUES(2026,26,'202606',N'2026/06');
INSERT dbo.ScheduleWeeks(ScheduleYear,WeekNo,MonthName,MonthLabel) VALUES(2026,27,'202607',N'2026/07');
INSERT dbo.ScheduleWeeks(ScheduleYear,WeekNo,MonthName,MonthLabel) VALUES(2026,28,'202607',N'2026/07');
INSERT dbo.ScheduleWeeks(ScheduleYear,WeekNo,MonthName,MonthLabel) VALUES(2026,29,'202607',N'2026/07');
INSERT dbo.ScheduleWeeks(ScheduleYear,WeekNo,MonthName,MonthLabel) VALUES(2026,30,'202607',N'2026/07');
INSERT dbo.ScheduleWeeks(ScheduleYear,WeekNo,MonthName,MonthLabel) VALUES(2026,31,'202608',N'2026/08');
INSERT dbo.ScheduleWeeks(ScheduleYear,WeekNo,MonthName,MonthLabel) VALUES(2026,32,'202608',N'2026/08');
INSERT dbo.ScheduleWeeks(ScheduleYear,WeekNo,MonthName,MonthLabel) VALUES(2026,33,'202608',N'2026/08');
INSERT dbo.ScheduleWeeks(ScheduleYear,WeekNo,MonthName,MonthLabel) VALUES(2026,34,'202608',N'2026/08');
INSERT dbo.ScheduleWeeks(ScheduleYear,WeekNo,MonthName,MonthLabel) VALUES(2026,35,'202608',N'2026/08');
INSERT dbo.ScheduleWeeks(ScheduleYear,WeekNo,MonthName,MonthLabel) VALUES(2026,36,'202609',N'2026/09');
INSERT dbo.ScheduleWeeks(ScheduleYear,WeekNo,MonthName,MonthLabel) VALUES(2026,37,'202609',N'2026/09');
INSERT dbo.ScheduleWeeks(ScheduleYear,WeekNo,MonthName,MonthLabel) VALUES(2026,38,'202609',N'2026/09');
INSERT dbo.ScheduleWeeks(ScheduleYear,WeekNo,MonthName,MonthLabel) VALUES(2026,39,'202609',N'2026/09');
INSERT dbo.ScheduleWeeks(ScheduleYear,WeekNo,MonthName,MonthLabel) VALUES(2026,40,'202610',N'2026/10');
INSERT dbo.ScheduleWeeks(ScheduleYear,WeekNo,MonthName,MonthLabel) VALUES(2026,41,'202610',N'2026/10');
INSERT dbo.ScheduleWeeks(ScheduleYear,WeekNo,MonthName,MonthLabel) VALUES(2026,42,'202610',N'2026/10');
INSERT dbo.ScheduleWeeks(ScheduleYear,WeekNo,MonthName,MonthLabel) VALUES(2026,43,'202610',N'2026/10');
INSERT dbo.ScheduleWeeks(ScheduleYear,WeekNo,MonthName,MonthLabel) VALUES(2026,44,'202611',N'2026/11');
INSERT dbo.ScheduleWeeks(ScheduleYear,WeekNo,MonthName,MonthLabel) VALUES(2026,45,'202611',N'2026/11');
INSERT dbo.ScheduleWeeks(ScheduleYear,WeekNo,MonthName,MonthLabel) VALUES(2026,46,'202611',N'2026/11');
INSERT dbo.ScheduleWeeks(ScheduleYear,WeekNo,MonthName,MonthLabel) VALUES(2026,47,'202611',N'2026/11');
INSERT dbo.ScheduleWeeks(ScheduleYear,WeekNo,MonthName,MonthLabel) VALUES(2026,48,'202611',N'2026/11');
INSERT dbo.ScheduleWeeks(ScheduleYear,WeekNo,MonthName,MonthLabel) VALUES(2026,49,'202612',N'2026/12');
INSERT dbo.ScheduleWeeks(ScheduleYear,WeekNo,MonthName,MonthLabel) VALUES(2026,50,'202612',N'2026/12');
INSERT dbo.ScheduleWeeks(ScheduleYear,WeekNo,MonthName,MonthLabel) VALUES(2026,51,'202612',N'2026/12');
INSERT dbo.ScheduleWeeks(ScheduleYear,WeekNo,MonthName,MonthLabel) VALUES(2026,52,'202612',N'2026/12');
GO

/* --- Projects (保留原始 ProjectId) --- */
SET IDENTITY_INSERT dbo.Projects ON;
INSERT dbo.Projects(ProjectId,TypeCode,Category,OwnerUserId,Name,ScheduleYear) VALUES(101,'b',N'FDC',1,N'b.[FDC Enhancement for RH/RL]',2026);
INSERT dbo.Projects(ProjectId,TypeCode,Category,OwnerUserId,Name,ScheduleYear) VALUES(102,'b',N'FDC',1,N'b.[2024QIT AAR版圖&邏輯修改] BKM定義查詢與maintain',2026);
INSERT dbo.Projects(ProjectId,TypeCode,Category,OwnerUserId,Name,ScheduleYear) VALUES(103,'b',N'FDC',1,N'b.[2025QIT 跨廠FDC參數監控]',2026);
INSERT dbo.Projects(ProjectId,TypeCode,Category,OwnerUserId,Name,ScheduleYear) VALUES(104,'b',N'防護',1,N'b.[E3 8.9 測試&上線驗證: ESI Ap & Loader 確認]',2026);
INSERT dbo.Projects(ProjectId,TypeCode,Category,OwnerUserId,Name,ScheduleYear) VALUES(105,'b',N'FDC',1,N'b.[MR+CL 1.35 Grp-Spec+CMS]',2026);
INSERT dbo.Projects(ProjectId,TypeCode,Category,OwnerUserId,Name,ScheduleYear) VALUES(106,'b',N'FDC',1,N'b.[MA Chart ET打定值(User Setting)]',2026);
INSERT dbo.Projects(ProjectId,TypeCode,Category,OwnerUserId,Name,ScheduleYear) VALUES(107,'b',N'維運',1,N'b.[DB03 JOB 移轉]',2026);
INSERT dbo.Projects(ProjectId,TypeCode,Category,OwnerUserId,Name,ScheduleYear) VALUES(108,'b',N'防護',1,N'b.[BSL shift 邊際條件]',2026);
INSERT dbo.Projects(ProjectId,TypeCode,Category,OwnerUserId,Name,ScheduleYear) VALUES(109,'b',N'專案',1,N'b.[2026 QIT 廠長]',2026);
INSERT dbo.Projects(ProjectId,TypeCode,Category,OwnerUserId,Name,ScheduleYear) VALUES(110,'b',N'FDC',1,N'b.[12M support]',2026);
INSERT dbo.Projects(ProjectId,TypeCode,Category,OwnerUserId,Name,ScheduleYear) VALUES(111,'b',N'FDC',1,N'b.[NODC機器人]',2026);
INSERT dbo.Projects(ProjectId,TypeCode,Category,OwnerUserId,Name,ScheduleYear) VALUES(112,'c',N'維運',1,N'c.[系統防護與維運]',2026);
INSERT dbo.Projects(ProjectId,TypeCode,Category,OwnerUserId,Name,ScheduleYear) VALUES(113,'b',N'專案',1,N'b.[POCDB]',2026);
INSERT dbo.Projects(ProjectId,TypeCode,Category,OwnerUserId,Name,ScheduleYear) VALUES(201,'b',N'FDC',2,N'b.[MaxRange]: Retarget<10次',2026);
INSERT dbo.Projects(ProjectId,TypeCode,Category,OwnerUserId,Name,ScheduleYear) VALUES(202,'b',N'FDC',2,N'b.[Retarget: Target超過HH.HL]',2026);
INSERT dbo.Projects(ProjectId,TypeCode,Category,OwnerUserId,Name,ScheduleYear) VALUES(203,'b',N'FDC',2,N'b.[Tool Matching for ca]',2026);
INSERT dbo.Projects(ProjectId,TypeCode,Category,OwnerUserId,Name,ScheduleYear) VALUES(204,'b',N'FDC',2,N'b.[BSL Shift Platform]',2026);
INSERT dbo.Projects(ProjectId,TypeCode,Category,OwnerUserId,Name,ScheduleYear) VALUES(205,'b',N'FDC',2,N'b.[Group SPEC]',2026);
INSERT dbo.Projects(ProjectId,TypeCode,Category,OwnerUserId,Name,ScheduleYear) VALUES(206,'b',N'FDC',2,N'b.[RH/RL Platform]',2026);
INSERT dbo.Projects(ProjectId,TypeCode,Category,OwnerUserId,Name,ScheduleYear) VALUES(207,'b',N'FDC',2,N'b.[MNOP]',2026);
INSERT dbo.Projects(ProjectId,TypeCode,Category,OwnerUserId,Name,ScheduleYear) VALUES(208,'b',N'FDC',2,N'b.[Warning Line Clear]',2026);
INSERT dbo.Projects(ProjectId,TypeCode,Category,OwnerUserId,Name,ScheduleYear) VALUES(209,'a',N'跨廠',2,N'a.[12M support]',2026);
INSERT dbo.Projects(ProjectId,TypeCode,Category,OwnerUserId,Name,ScheduleYear) VALUES(211,'b',N'數轉',2,N'b.[IND 4.0 & 數位轉型-代辦中心網頁]',2026);
INSERT dbo.Projects(ProjectId,TypeCode,Category,OwnerUserId,Name,ScheduleYear) VALUES(213,'b',N'數轉',2,N'b.[GptDB 大盤]',2026);
INSERT dbo.Projects(ProjectId,TypeCode,Category,OwnerUserId,Name,ScheduleYear) VALUES(212,'b',N'跨廠',2,N'b.[12M EQDashboard]',2026);
INSERT dbo.Projects(ProjectId,TypeCode,Category,OwnerUserId,Name,ScheduleYear) VALUES(210,'c',N'維運',2,N'c.[TempSpec系統維運]',2026);
INSERT dbo.Projects(ProjectId,TypeCode,Category,OwnerUserId,Name,ScheduleYear) VALUES(214,'b',N'維運',2,N'b.[系統日管]',2026);
INSERT dbo.Projects(ProjectId,TypeCode,Category,OwnerUserId,Name,ScheduleYear) VALUES(215,'b',N'FDC',2,N'b.[大氣壓力Auto Mail]',2026);
INSERT dbo.Projects(ProjectId,TypeCode,Category,OwnerUserId,Name,ScheduleYear) VALUES(216,'b',N'FDC',2,N'b.[EQDashboard ZE看板]',2026);
INSERT dbo.Projects(ProjectId,TypeCode,Category,OwnerUserId,Name,ScheduleYear) VALUES(301,'b',N'設備',3,N'b.[2026 APM]',2026);
INSERT dbo.Projects(ProjectId,TypeCode,Category,OwnerUserId,Name,ScheduleYear) VALUES(302,'b',N'設備',3,N'b.[2027 ESI Server 採購]',2026);
INSERT dbo.Projects(ProjectId,TypeCode,Category,OwnerUserId,Name,ScheduleYear) VALUES(303,'b',N'跨廠',3,N'b.[12M support]',2026);
INSERT dbo.Projects(ProjectId,TypeCode,Category,OwnerUserId,Name,ScheduleYear) VALUES(304,'b',N'跨廠',3,N'b.[12W support]',2026);
INSERT dbo.Projects(ProjectId,TypeCode,Category,OwnerUserId,Name,ScheduleYear) VALUES(305,'b',N'FDC',3,N'b.[eFDC 應用擴展]',2026);
INSERT dbo.Projects(ProjectId,TypeCode,Category,OwnerUserId,Name,ScheduleYear) VALUES(306,'b',N'FDC',3,N'b.[Extra Sensor 看板]',2026);
INSERT dbo.Projects(ProjectId,TypeCode,Category,OwnerUserId,Name,ScheduleYear) VALUES(307,'b',N'FDC',3,N'b.[Raw Trace]',2026);
INSERT dbo.Projects(ProjectId,TypeCode,Category,OwnerUserId,Name,ScheduleYear) VALUES(308,'b',N'設備',3,N'b.[Tool Log]',2026);
INSERT dbo.Projects(ProjectId,TypeCode,Category,OwnerUserId,Name,ScheduleYear) VALUES(309,'b',N'設備',3,N'b.[2026 QIT - Chart Data]',2026);
INSERT dbo.Projects(ProjectId,TypeCode,Category,OwnerUserId,Name,ScheduleYear) VALUES(310,'b',N'設備',3,N'b.[GPTDB-公用系統環境建置、使用者權限設定]',2026);
INSERT dbo.Projects(ProjectId,TypeCode,Category,OwnerUserId,Name,ScheduleYear) VALUES(311,'b',N'FDC',3,N'b.[Warning Line]',2026);
INSERT dbo.Projects(ProjectId,TypeCode,Category,OwnerUserId,Name,ScheduleYear) VALUES(312,'b',N'設備',3,N'b.[系統防護與維運]',2026);
INSERT dbo.Projects(ProjectId,TypeCode,Category,OwnerUserId,Name,ScheduleYear) VALUES(401,'b',N'FDC',4,N'b.[FDC Early Detection - Chart Audit 3.0]',2026);
INSERT dbo.Projects(ProjectId,TypeCode,Category,OwnerUserId,Name,ScheduleYear) VALUES(402,'b',N'QIT',4,N'b.[2026 QIT - Chart List]',2026);
INSERT dbo.Projects(ProjectId,TypeCode,Category,OwnerUserId,Name,ScheduleYear) VALUES(403,'b',N'FDC',4,N'b.[IND 4.0 & 數位轉型 - DB 建置]',2026);
INSERT dbo.Projects(ProjectId,TypeCode,Category,OwnerUserId,Name,ScheduleYear) VALUES(404,'b',N'設備',4,N'b.[2026 APM]',2026);
INSERT dbo.Projects(ProjectId,TypeCode,Category,OwnerUserId,Name,ScheduleYear) VALUES(405,'c',N'防護',4,N'c.[系統防護 - 指標 vs. AMSD]',2026);
INSERT dbo.Projects(ProjectId,TypeCode,Category,OwnerUserId,Name,ScheduleYear) VALUES(406,'c',N'防護',4,N'c.[系統防護 - Server EOS 系統移轉&調校]',2026);
INSERT dbo.Projects(ProjectId,TypeCode,Category,OwnerUserId,Name,ScheduleYear) VALUES(407,'b',N'設備',4,N'b.[IND 4.0 & 數位轉型 - 破片 All in one Web API]',2026);
INSERT dbo.Projects(ProjectId,TypeCode,Category,OwnerUserId,Name,ScheduleYear) VALUES(408,'b',N'跨廠',4,N'b.[12M support]',2026);
INSERT dbo.Projects(ProjectId,TypeCode,Category,OwnerUserId,Name,ScheduleYear) VALUES(409,'a',N'FDC',4,N'a.[Cross FAB - 需求控管表]',2026);
INSERT dbo.Projects(ProjectId,TypeCode,Category,OwnerUserId,Name,ScheduleYear) VALUES(410,'b',N'FDC',4,N'b.[系統日管]',2026);
INSERT dbo.Projects(ProjectId,TypeCode,Category,OwnerUserId,Name,ScheduleYear) VALUES(501,'a',N'設備',5,N'a.[2026 APM]',2026);
INSERT dbo.Projects(ProjectId,TypeCode,Category,OwnerUserId,Name,ScheduleYear) VALUES(502,'a',N'FDC',5,N'a.[2026 QIT - 副廠長]',2026);
INSERT dbo.Projects(ProjectId,TypeCode,Category,OwnerUserId,Name,ScheduleYear) VALUES(503,'b',N'FDC',5,N'b.[CMS Warning Line]',2026);
INSERT dbo.Projects(ProjectId,TypeCode,Category,OwnerUserId,Name,ScheduleYear) VALUES(504,'c',N'維運',5,N'c.[系統維護 u0 u10]',2026);
INSERT dbo.Projects(ProjectId,TypeCode,Category,OwnerUserId,Name,ScheduleYear) VALUES(505,'c',N'維運',5,N'c.[CMS Server Redundant]',2026);
INSERT dbo.Projects(ProjectId,TypeCode,Category,OwnerUserId,Name,ScheduleYear) VALUES(506,'b',N'FDC',5,N'b.[WL: 移除天線限制](new)',2026);
INSERT dbo.Projects(ProjectId,TypeCode,Category,OwnerUserId,Name,ScheduleYear) VALUES(507,'b',N'FDC',5,N'b.[WL: Auto Tighen Enhancement]',2026);
INSERT dbo.Projects(ProjectId,TypeCode,Category,OwnerUserId,Name,ScheduleYear) VALUES(508,'b',N'FDC',5,N'b.[WL: Auto Tighen Job]',2026);
INSERT dbo.Projects(ProjectId,TypeCode,Category,OwnerUserId,Name,ScheduleYear) VALUES(509,'b',N'數轉',5,N'b.[GenAI - PoCDB & API 應用]',2026);
INSERT dbo.Projects(ProjectId,TypeCode,Category,OwnerUserId,Name,ScheduleYear) VALUES(510,'b',N'數轉',5,N'b.[FDC & NODC 機器人]',2026);
INSERT dbo.Projects(ProjectId,TypeCode,Category,OwnerUserId,Name,ScheduleYear) VALUES(511,'b',N'維運',5,N'b.[Server Job 轉移作業]',2026);
INSERT dbo.Projects(ProjectId,TypeCode,Category,OwnerUserId,Name,ScheduleYear) VALUES(512,'b',N'跨廠',5,N'b.[12M support]',2026);
INSERT dbo.Projects(ProjectId,TypeCode,Category,OwnerUserId,Name,ScheduleYear) VALUES(601,'c',N'維運',6,N'c.[DB03 JOB 移轉]',2026);
INSERT dbo.Projects(ProjectId,TypeCode,Category,OwnerUserId,Name,ScheduleYear) VALUES(602,'a',N'跨廠',6,N'a. Project West-FDC support',2026);
INSERT dbo.Projects(ProjectId,TypeCode,Category,OwnerUserId,Name,ScheduleYear) VALUES(603,'c',N'防護',6,N'c.fD over 120 sec',2026);
INSERT dbo.Projects(ProjectId,TypeCode,Category,OwnerUserId,Name,ScheduleYear) VALUES(604,'c',N'設備',6,N'c.[DF Tuning System]',2026);
INSERT dbo.Projects(ProjectId,TypeCode,Category,OwnerUserId,Name,ScheduleYear) VALUES(605,'a',N'FDC',6,N'a.[2026 QIT - 輔導]',2026);
SET IDENTITY_INSERT dbo.Projects OFF;
GO

/* --- Tasks --- */
INSERT dbo.Tasks(TaskCode,ProjectId,TaskName,StartWeek,EndWeek,SortOrder) VALUES(N't101-1',101,N'SPEC 提供',14,17,1);
INSERT dbo.Tasks(TaskCode,ProjectId,TaskName,StartWeek,EndWeek,SortOrder) VALUES(N't102-1',102,N'SPEC 確認 & 開發',14,27,1);
INSERT dbo.Tasks(TaskCode,ProjectId,TaskName,StartWeek,EndWeek,SortOrder) VALUES(N't103-1',103,N'SPEC 確認 & 開發',10,27,1);
INSERT dbo.Tasks(TaskCode,ProjectId,TaskName,StartWeek,EndWeek,SortOrder) VALUES(N't104-1',104,N'驗證 & 確認',1,9,1);
INSERT dbo.Tasks(TaskCode,ProjectId,TaskName,StartWeek,EndWeek,SortOrder) VALUES(N't104-2',104,N'SPEC 確認 & 開發',14,17,2);
INSERT dbo.Tasks(TaskCode,ProjectId,TaskName,StartWeek,EndWeek,SortOrder) VALUES(N't105-1',105,N'SPEC 確認 & 開發',10,17,1);
INSERT dbo.Tasks(TaskCode,ProjectId,TaskName,StartWeek,EndWeek,SortOrder) VALUES(N't106-1',106,N'測試開發確認',1,9,1);
INSERT dbo.Tasks(TaskCode,ProjectId,TaskName,StartWeek,EndWeek,SortOrder) VALUES(N't107-1',107,N'確認 & 驗證',1,9,1);
INSERT dbo.Tasks(TaskCode,ProjectId,TaskName,StartWeek,EndWeek,SortOrder) VALUES(N't108-1',108,N'SPEC 確認 & 開發',10,27,1);
INSERT dbo.Tasks(TaskCode,ProjectId,TaskName,StartWeek,EndWeek,SortOrder) VALUES(N't109-1',109,N'專案執行',6,52,1);
INSERT dbo.Tasks(TaskCode,ProjectId,TaskName,StartWeek,EndWeek,SortOrder) VALUES(N't110-1',110,N'系統支援',1,52,1);
INSERT dbo.Tasks(TaskCode,ProjectId,TaskName,StartWeek,EndWeek,SortOrder) VALUES(N't111-1',111,N'SPEC 確認 & 開發',14,35,1);
INSERT dbo.Tasks(TaskCode,ProjectId,TaskName,StartWeek,EndWeek,SortOrder) VALUES(N't112-1',112,N'系統防護與維運',23,52,1);
INSERT dbo.Tasks(TaskCode,ProjectId,TaskName,StartWeek,EndWeek,SortOrder) VALUES(N't113-1',113,N'POCDB',18,35,1);
INSERT dbo.Tasks(TaskCode,ProjectId,TaskName,StartWeek,EndWeek,SortOrder) VALUES(N't201-1',201,N'算法提供',10,17,1);
INSERT dbo.Tasks(TaskCode,ProjectId,TaskName,StartWeek,EndWeek,SortOrder) VALUES(N't201-2',201,N'測試 & 上線',18,26,2);
INSERT dbo.Tasks(TaskCode,ProjectId,TaskName,StartWeek,EndWeek,SortOrder) VALUES(N't202-1',202,N'SPEC提供',1,5,1);
INSERT dbo.Tasks(TaskCode,ProjectId,TaskName,StartWeek,EndWeek,SortOrder) VALUES(N't202-2',202,N'算法調整',23,26,2);
INSERT dbo.Tasks(TaskCode,ProjectId,TaskName,StartWeek,EndWeek,SortOrder) VALUES(N't203-1',203,N'Phase2開發',1,5,1);
INSERT dbo.Tasks(TaskCode,ProjectId,TaskName,StartWeek,EndWeek,SortOrder) VALUES(N't203-2',203,N'Phase3開發',6,13,2);
INSERT dbo.Tasks(TaskCode,ProjectId,TaskName,StartWeek,EndWeek,SortOrder) VALUES(N't203-3',203,N'Phase4開發',14,22,3);
INSERT dbo.Tasks(TaskCode,ProjectId,TaskName,StartWeek,EndWeek,SortOrder) VALUES(N't203-4',203,N'通知Mail',23,26,4);
INSERT dbo.Tasks(TaskCode,ProjectId,TaskName,StartWeek,EndWeek,SortOrder) VALUES(N't204-1',204,N'各區間Hold',1,13,1);
INSERT dbo.Tasks(TaskCode,ProjectId,TaskName,StartWeek,EndWeek,SortOrder) VALUES(N't204-2',204,N'回看看板自動化開發',14,26,2);
INSERT dbo.Tasks(TaskCode,ProjectId,TaskName,StartWeek,EndWeek,SortOrder) VALUES(N't204-3',204,N'測試&上線',27,30,3);
INSERT dbo.Tasks(TaskCode,ProjectId,TaskName,StartWeek,EndWeek,SortOrder) VALUES(N't205-1',205,N'轉自動化上線',40,52,1);
INSERT dbo.Tasks(TaskCode,ProjectId,TaskName,StartWeek,EndWeek,SortOrder) VALUES(N't206-1',206,N'加入OH/OL平台',36,52,1);
INSERT dbo.Tasks(TaskCode,ProjectId,TaskName,StartWeek,EndWeek,SortOrder) VALUES(N't207-1',207,N'DB來源移轉',1,9,1);
INSERT dbo.Tasks(TaskCode,ProjectId,TaskName,StartWeek,EndWeek,SortOrder) VALUES(N't207-2',207,N'Phase1修改',14,17,2);
INSERT dbo.Tasks(TaskCode,ProjectId,TaskName,StartWeek,EndWeek,SortOrder) VALUES(N't207-3',207,N'Phase2修改',23,26,3);
INSERT dbo.Tasks(TaskCode,ProjectId,TaskName,StartWeek,EndWeek,SortOrder) VALUES(N't208-1',208,N'優化',23,26,1);
INSERT dbo.Tasks(TaskCode,ProjectId,TaskName,StartWeek,EndWeek,SortOrder) VALUES(N't209-1',209,N'程式碼提供',1,30,1);
INSERT dbo.Tasks(TaskCode,ProjectId,TaskName,StartWeek,EndWeek,SortOrder) VALUES(N't211-1',211,N'網頁建置',18,22,1);
INSERT dbo.Tasks(TaskCode,ProjectId,TaskName,StartWeek,EndWeek,SortOrder) VALUES(N't213-1',213,N'大盤Excel資料提供',18,22,1);
INSERT dbo.Tasks(TaskCode,ProjectId,TaskName,StartWeek,EndWeek,SortOrder) VALUES(N't212-1',212,N'自主版面設計&調整',10,22,1);
INSERT dbo.Tasks(TaskCode,ProjectId,TaskName,StartWeek,EndWeek,SortOrder) VALUES(N't210-1',210,N'系統維運',23,52,1);
INSERT dbo.Tasks(TaskCode,ProjectId,TaskName,StartWeek,EndWeek,SortOrder) VALUES(N't214-1',214,N'日管指標確認',1,52,1);
INSERT dbo.Tasks(TaskCode,ProjectId,TaskName,StartWeek,EndWeek,SortOrder) VALUES(N't215-1',215,N'新增Mail',27,30,1);
INSERT dbo.Tasks(TaskCode,ProjectId,TaskName,StartWeek,EndWeek,SortOrder) VALUES(N't216-1',216,N'BWH版面調整',27,30,1);
INSERT dbo.Tasks(TaskCode,ProjectId,TaskName,StartWeek,EndWeek,SortOrder) VALUES(N't216-2',216,N'WL新增史高/低',31,35,2);
INSERT dbo.Tasks(TaskCode,ProjectId,TaskName,StartWeek,EndWeek,SortOrder) VALUES(N't301-1',301,N'ESI Server APM',1,5,1);
INSERT dbo.Tasks(TaskCode,ProjectId,TaskName,StartWeek,EndWeek,SortOrder) VALUES(N't302-1',302,N'採購規劃',18,43,1);
INSERT dbo.Tasks(TaskCode,ProjectId,TaskName,StartWeek,EndWeek,SortOrder) VALUES(N't303-1',303,N'程式碼提供',1,52,1);
INSERT dbo.Tasks(TaskCode,ProjectId,TaskName,StartWeek,EndWeek,SortOrder) VALUES(N't304-1',304,N'eUSPC SQL',18,52,1);
INSERT dbo.Tasks(TaskCode,ProjectId,TaskName,StartWeek,EndWeek,SortOrder) VALUES(N't305-1',305,N'開發環境建置 & API開發',1,9,1);
INSERT dbo.Tasks(TaskCode,ProjectId,TaskName,StartWeek,EndWeek,SortOrder) VALUES(N't305-2',305,N'自動獲取使用者資訊',14,22,2);
INSERT dbo.Tasks(TaskCode,ProjectId,TaskName,StartWeek,EndWeek,SortOrder) VALUES(N't305-3',305,N'畫面API開發',23,26,3);
INSERT dbo.Tasks(TaskCode,ProjectId,TaskName,StartWeek,EndWeek,SortOrder) VALUES(N't305-4',305,N'轉 Local DB',30,35,4);
INSERT dbo.Tasks(TaskCode,ProjectId,TaskName,StartWeek,EndWeek,SortOrder) VALUES(N't305-5',305,N'權限控管與分流',40,52,5);
INSERT dbo.Tasks(TaskCode,ProjectId,TaskName,StartWeek,EndWeek,SortOrder) VALUES(N't306-1',306,N'Phase1開發',6,13,1);
INSERT dbo.Tasks(TaskCode,ProjectId,TaskName,StartWeek,EndWeek,SortOrder) VALUES(N't306-2',306,N'Phase1開發(延續)',36,39,2);
INSERT dbo.Tasks(TaskCode,ProjectId,TaskName,StartWeek,EndWeek,SortOrder) VALUES(N't306-3',306,N'Phase2開發',44,52,3);
INSERT dbo.Tasks(TaskCode,ProjectId,TaskName,StartWeek,EndWeek,SortOrder) VALUES(N't307-1',307,N'系統建置',44,52,1);
INSERT dbo.Tasks(TaskCode,ProjectId,TaskName,StartWeek,EndWeek,SortOrder) VALUES(N't308-1',308,N'LRTP 分析工具開發',40,52,1);
INSERT dbo.Tasks(TaskCode,ProjectId,TaskName,StartWeek,EndWeek,SortOrder) VALUES(N't309-1',309,N'FDC Chart 資料預置 & PDCA',1,13,1);
INSERT dbo.Tasks(TaskCode,ProjectId,TaskName,StartWeek,EndWeek,SortOrder) VALUES(N't309-2',309,N'預先產生FDC繪圖',18,30,2);
INSERT dbo.Tasks(TaskCode,ProjectId,TaskName,StartWeek,EndWeek,SortOrder) VALUES(N't310-1',310,N'零基礎環境設定',10,17,1);
INSERT dbo.Tasks(TaskCode,ProjectId,TaskName,StartWeek,EndWeek,SortOrder) VALUES(N't311-1',311,N'Min Scale 設定下架',23,30,1);
INSERT dbo.Tasks(TaskCode,ProjectId,TaskName,StartWeek,EndWeek,SortOrder) VALUES(N't312-1',312,N'Server 資源盤點、移轉、高風險server下線',1,17,1);
INSERT dbo.Tasks(TaskCode,ProjectId,TaskName,StartWeek,EndWeek,SortOrder) VALUES(N't401-1',401,N'Type1&2自動上線 & 待傳遞SPEC',1,13,1);
INSERT dbo.Tasks(TaskCode,ProjectId,TaskName,StartWeek,EndWeek,SortOrder) VALUES(N't401-2',401,N'Type3~6 傳遞SPEC',14,26,2);
INSERT dbo.Tasks(TaskCode,ProjectId,TaskName,StartWeek,EndWeek,SortOrder) VALUES(N't402-1',402,N'Chart List 開發 & 驗證',1,9,1);
INSERT dbo.Tasks(TaskCode,ProjectId,TaskName,StartWeek,EndWeek,SortOrder) VALUES(N't402-2',402,N'得 PDCA',10,13,2);
INSERT dbo.Tasks(TaskCode,ProjectId,TaskName,StartWeek,EndWeek,SortOrder) VALUES(N't402-3',402,N'新需求(HH/HL)',18,22,3);
INSERT dbo.Tasks(TaskCode,ProjectId,TaskName,StartWeek,EndWeek,SortOrder) VALUES(N't403-1',403,N'需求調查 & POC & DB 建置',23,30,1);
INSERT dbo.Tasks(TaskCode,ProjectId,TaskName,StartWeek,EndWeek,SortOrder) VALUES(N't404-1',404,N'ESI Server APM',1,5,1);
INSERT dbo.Tasks(TaskCode,ProjectId,TaskName,StartWeek,EndWeek,SortOrder) VALUES(N't405-1',405,N'與IT討論系統防護項目',18,26,1);
INSERT dbo.Tasks(TaskCode,ProjectId,TaskName,StartWeek,EndWeek,SortOrder) VALUES(N't406-1',406,N'EOS Server 系統移轉',6,17,1);
INSERT dbo.Tasks(TaskCode,ProjectId,TaskName,StartWeek,EndWeek,SortOrder) VALUES(N't407-1',407,N'WebAPI 開發',18,26,1);
INSERT dbo.Tasks(TaskCode,ProjectId,TaskName,StartWeek,EndWeek,SortOrder) VALUES(N't408-1',408,N'程式碼提供',1,17,1);
INSERT dbo.Tasks(TaskCode,ProjectId,TaskName,StartWeek,EndWeek,SortOrder) VALUES(N't408-2',408,N'系統建置',27,35,2);
INSERT dbo.Tasks(TaskCode,ProjectId,TaskName,StartWeek,EndWeek,SortOrder) VALUES(N't409-1',409,N'MSD 需求追蹤 & 確認',1,52,1);
INSERT dbo.Tasks(TaskCode,ProjectId,TaskName,StartWeek,EndWeek,SortOrder) VALUES(N't410-1',410,N'日管指標確認',1,52,1);
INSERT dbo.Tasks(TaskCode,ProjectId,TaskName,StartWeek,EndWeek,SortOrder) VALUES(N't501-1',501,N'ESI Server APM',1,9,1);
INSERT dbo.Tasks(TaskCode,ProjectId,TaskName,StartWeek,EndWeek,SortOrder) VALUES(N't502-1',502,N'S1~S2 檢視真因數據與PPT',1,13,1);
INSERT dbo.Tasks(TaskCode,ProjectId,TaskName,StartWeek,EndWeek,SortOrder) VALUES(N't502-2',502,N'S3~S5 真因邏輯檢視與PPT訂版',14,26,2);
INSERT dbo.Tasks(TaskCode,ProjectId,TaskName,StartWeek,EndWeek,SortOrder) VALUES(N't502-3',502,N'S5',27,30,3);
INSERT dbo.Tasks(TaskCode,ProjectId,TaskName,StartWeek,EndWeek,SortOrder) VALUES(N't502-4',502,N'S6~S8',44,48,4);
INSERT dbo.Tasks(TaskCode,ProjectId,TaskName,StartWeek,EndWeek,SortOrder) VALUES(N't503-1',503,N'(2) 開發新Warning Limit',1,13,1);
INSERT dbo.Tasks(TaskCode,ProjectId,TaskName,StartWeek,EndWeek,SortOrder) VALUES(N't503-2',503,N'2Y資料做WL SPEC',14,30,2);
INSERT dbo.Tasks(TaskCode,ProjectId,TaskName,StartWeek,EndWeek,SortOrder) VALUES(N't504-1',504,N'系統維護',1,5,1);
INSERT dbo.Tasks(TaskCode,ProjectId,TaskName,StartWeek,EndWeek,SortOrder) VALUES(N't504-2',504,N'RTO Case 查詢',6,13,2);
INSERT dbo.Tasks(TaskCode,ProjectId,TaskName,StartWeek,EndWeek,SortOrder) VALUES(N't504-3',504,N'機台異常OCAP運作流程',14,43,3);
INSERT dbo.Tasks(TaskCode,ProjectId,TaskName,StartWeek,EndWeek,SortOrder) VALUES(N't504-4',504,N'系統維護',44,52,4);
INSERT dbo.Tasks(TaskCode,ProjectId,TaskName,StartWeek,EndWeek,SortOrder) VALUES(N't505-1',505,N'備援Server建立',1,9,1);
INSERT dbo.Tasks(TaskCode,ProjectId,TaskName,StartWeek,EndWeek,SortOrder) VALUES(N't506-1',506,N'移除天線限制',14,30,1);
INSERT dbo.Tasks(TaskCode,ProjectId,TaskName,StartWeek,EndWeek,SortOrder) VALUES(N't507-1',507,N'流程修正',1,5,1);
INSERT dbo.Tasks(TaskCode,ProjectId,TaskName,StartWeek,EndWeek,SortOrder) VALUES(N't507-2',507,N'Alarm & Target運作功能',6,17,2);
INSERT dbo.Tasks(TaskCode,ProjectId,TaskName,StartWeek,EndWeek,SortOrder) VALUES(N't508-1',508,N'ET12 -> ET34 -> LT -> DF -> TF -> LT',1,17,1);
INSERT dbo.Tasks(TaskCode,ProjectId,TaskName,StartWeek,EndWeek,SortOrder) VALUES(N't508-2',508,N'ET12 -> LT -> DF -> ET34 -> TF -> LT',27,43,2);
INSERT dbo.Tasks(TaskCode,ProjectId,TaskName,StartWeek,EndWeek,SortOrder) VALUES(N't509-1',509,N'GenAI DB&API 代辦中心',1,13,1);
INSERT dbo.Tasks(TaskCode,ProjectId,TaskName,StartWeek,EndWeek,SortOrder) VALUES(N't509-2',509,N'擷取 & 擴充資料彙整',18,26,2);
INSERT dbo.Tasks(TaskCode,ProjectId,TaskName,StartWeek,EndWeek,SortOrder) VALUES(N't509-3',509,N'回收使用成果與效益',27,48,3);
INSERT dbo.Tasks(TaskCode,ProjectId,TaskName,StartWeek,EndWeek,SortOrder) VALUES(N't510-1',510,N'Spec 確認, 技能Study, 功能開發',10,22,1);
INSERT dbo.Tasks(TaskCode,ProjectId,TaskName,StartWeek,EndWeek,SortOrder) VALUES(N't510-2',510,N'功能開發、測試',27,40,2);
INSERT dbo.Tasks(TaskCode,ProjectId,TaskName,StartWeek,EndWeek,SortOrder) VALUES(N't510-3',510,N'功能調整&上線',41,43,3);
INSERT dbo.Tasks(TaskCode,ProjectId,TaskName,StartWeek,EndWeek,SortOrder) VALUES(N't511-1',511,N'系統轉移完畢',1,5,1);
INSERT dbo.Tasks(TaskCode,ProjectId,TaskName,StartWeek,EndWeek,SortOrder) VALUES(N't512-1',512,N'程式碼提供',1,22,1);
INSERT dbo.Tasks(TaskCode,ProjectId,TaskName,StartWeek,EndWeek,SortOrder) VALUES(N't601-1',601,N'系統轉移完畢',1,5,1);
INSERT dbo.Tasks(TaskCode,ProjectId,TaskName,StartWeek,EndWeek,SortOrder) VALUES(N't602-1',602,N'Data view from Manual transmission',1,13,1);
INSERT dbo.Tasks(TaskCode,ProjectId,TaskName,StartWeek,EndWeek,SortOrder) VALUES(N't602-2',602,N'Automatic transmission',14,35,2);
INSERT dbo.Tasks(TaskCode,ProjectId,TaskName,StartWeek,EndWeek,SortOrder) VALUES(N't602-3',602,N'Index 管理機制',36,52,3);
INSERT dbo.Tasks(TaskCode,ProjectId,TaskName,StartWeek,EndWeek,SortOrder) VALUES(N't603-1',603,N'上線',1,5,1);
INSERT dbo.Tasks(TaskCode,ProjectId,TaskName,StartWeek,EndWeek,SortOrder) VALUES(N't603-2',603,N'效果確認',14,17,2);
INSERT dbo.Tasks(TaskCode,ProjectId,TaskName,StartWeek,EndWeek,SortOrder) VALUES(N't604-1',604,N'回補2025各tool type小需求',1,22,1);
INSERT dbo.Tasks(TaskCode,ProjectId,TaskName,StartWeek,EndWeek,SortOrder) VALUES(N't604-2',604,N'系統維護',31,52,2);
INSERT dbo.Tasks(TaskCode,ProjectId,TaskName,StartWeek,EndWeek,SortOrder) VALUES(N't605-1',605,N'輔導',23,26,1);
GO

PRINT '初始資料匯入完成:';
SELECT (SELECT COUNT(*) FROM dbo.Projects) AS Projects, (SELECT COUNT(*) FROM dbo.Tasks) AS Tasks, (SELECT COUNT(*) FROM dbo.Users) AS Users;
GO